"species","season","age","temperature","duration","survival","groupVar"
"PIPO","spring","n",45,6000,51.9806252219001,"PIPO_spring_n"
"PIPO","spring","n",45,6000,43.1570195263777,"PIPO_spring_n"
"PIPO","spring","n",45,6000,24.4294666917814,"PIPO_spring_n"
"PIPO","spring","n",45,4750,68.2420908286758,"PIPO_spring_n"
"PIPO","spring","n",45,4750,38.9327529762571,"PIPO_spring_n"
"PIPO","spring","n",45,4750,46.3177788206685,"PIPO_spring_n"
"PIPO","spring","n",45,3500,73.6495013828191,"PIPO_spring_n"
"PIPO","spring","n",45,3500,58.7366258524605,"PIPO_spring_n"
"PIPO","spring","n",45,3500,75.7871205663733,"PIPO_spring_n"
"PIPO","spring","n",45,2250,78.5651920202314,"PIPO_spring_n"
"PIPO","spring","n",45,2250,72.4954272570638,"PIPO_spring_n"
"PIPO","spring","n",45,2250,69.1178473386673,"PIPO_spring_n"
"PIPO","spring","n",45,1000,81.1898213314766,"PIPO_spring_n"
"PIPO","spring","n",45,1000,86.358205459093,"PIPO_spring_n"
"PIPO","spring","n",45,1000,92.1148504687321,"PIPO_spring_n"
"PIPO","spring","n",45,10200,-15.5761012725149,"PIPO_spring_n"
"PIPO","spring","n",45,10200,8.56136317656808,"PIPO_spring_n"
"PIPO","spring","n",45,10200,7.01473809594683,"PIPO_spring_n"
"PIPO","spring","n",45,500,81.8614678994273,"PIPO_spring_n"
"PIPO","spring","n",45,500,95.221672872325,"PIPO_spring_n"
"PIPO","spring","n",45,500,98.8907879928349,"PIPO_spring_n"
"PIPO","spring","n",45,0,100,"PIPO_spring_n"
"PIPO","spring","o",45,6000,23.9343726612754,"PIPO_spring_o"
"PIPO","spring","o",45,6000,53.6235078956583,"PIPO_spring_o"
"PIPO","spring","o",45,6000,47.1023364644188,"PIPO_spring_o"
"PIPO","spring","o",45,4750,43.0371976140519,"PIPO_spring_o"
"PIPO","spring","o",45,4750,40.2285281248983,"PIPO_spring_o"
"PIPO","spring","o",45,4750,56.1256277282033,"PIPO_spring_o"
"PIPO","spring","o",45,3500,72.0491356887659,"PIPO_spring_o"
"PIPO","spring","o",45,3500,90.3269194038042,"PIPO_spring_o"
"PIPO","spring","o",45,3500,58.6715103677666,"PIPO_spring_o"
"PIPO","spring","o",45,2250,95.2830103007792,"PIPO_spring_o"
"PIPO","spring","o",45,2250,97.9847375027545,"PIPO_spring_o"
"PIPO","spring","o",45,2250,96.4980578912503,"PIPO_spring_o"
"PIPO","spring","o",45,1000,96.0342616853223,"PIPO_spring_o"
"PIPO","spring","o",45,1000,97.7067417598812,"PIPO_spring_o"
"PIPO","spring","o",45,1000,100.812684396497,"PIPO_spring_o"
"PIPO","spring","o",45,10200,-3.82390582200812,"PIPO_spring_o"
"PIPO","spring","o",45,10200,-3.91754512812367,"PIPO_spring_o"
"PIPO","spring","o",45,10200,7.74145095013179,"PIPO_spring_o"
"PIPO","spring","o",45,500,95.7980532453372,"PIPO_spring_o"
"PIPO","spring","o",45,500,97.9604683791317,"PIPO_spring_o"
"PIPO","spring","o",45,500,98.9295969528045,"PIPO_spring_o"
"PIPO","spring","o",45,0,100,"PIPO_spring_o"
"PIPO","spring","n",50,3170,21.3199657074982,"PIPO_spring_n"
"PIPO","spring","n",50,1375,30.5179382749481,"PIPO_spring_n"
"PIPO","spring","n",50,1375,20.5963731094455,"PIPO_spring_n"
"PIPO","spring","n",50,1375,11.2238463691368,"PIPO_spring_n"
"PIPO","spring","n",50,500,35.7318338986458,"PIPO_spring_n"
"PIPO","spring","n",50,500,47.0941343525215,"PIPO_spring_n"
"PIPO","spring","n",50,500,71.3619958745129,"PIPO_spring_n"
"PIPO","spring","n",50,3170,-15.356853584937,"PIPO_spring_n"
"PIPO","spring","n",50,2250,9.96412846167945,"PIPO_spring_n"
"PIPO","spring","n",50,2250,7.95528770554108,"PIPO_spring_n"
"PIPO","spring","n",50,2250,-14.8226628335796,"PIPO_spring_n"
"PIPO","spring","n",50,3170,-5.96311212256121,"PIPO_spring_n"
"PIPO","spring","n",50,250,98.6540128931834,"PIPO_spring_n"
"PIPO","spring","n",50,250,100.93543288536,"PIPO_spring_n"
"PIPO","spring","n",50,250,89.4021316901618,"PIPO_spring_n"
"PIPO","spring","n",50,0,100,"PIPO_spring_n"
"PIPO","spring","o",50,3170,34.9669393091454,"PIPO_spring_o"
"PIPO","spring","o",50,2250,6.29032277645565,"PIPO_spring_o"
"PIPO","spring","o",50,1375,-4.01242846753469,"PIPO_spring_o"
"PIPO","spring","o",50,1375,4.2440444342666,"PIPO_spring_o"
"PIPO","spring","o",50,1375,21.633772508814,"PIPO_spring_o"
"PIPO","spring","o",50,500,68.3326366857627,"PIPO_spring_o"
"PIPO","spring","o",50,500,93.1174428557133,"PIPO_spring_o"
"PIPO","spring","o",50,500,84.7253122535678,"PIPO_spring_o"
"PIPO","spring","o",50,3170,6.81734911125578,"PIPO_spring_o"
"PIPO","spring","o",50,2250,-3.70102344959363,"PIPO_spring_o"
"PIPO","spring","o",50,2250,-2.58929932686202,"PIPO_spring_o"
"PIPO","spring","o",50,3170,15.0899634510508,"PIPO_spring_o"
"PIPO","spring","o",50,250,98.7809529192434,"PIPO_spring_o"
"PIPO","spring","o",50,250,99.5061674360812,"PIPO_spring_o"
"PIPO","spring","o",50,250,100.084335104569,"PIPO_spring_o"
"PIPO","spring","o",50,0,100,"PIPO_spring_o"
"PIPO","spring","n",55,500,-7.01114324390413,"PIPO_spring_n"
"PIPO","spring","n",55,500,20.4025966635626,"PIPO_spring_n"
"PIPO","spring","n",55,380,1.50828353045654,"PIPO_spring_n"
"PIPO","spring","n",55,380,1.59297896818416,"PIPO_spring_n"
"PIPO","spring","n",55,380,-3.10126249864071,"PIPO_spring_n"
"PIPO","spring","n",55,270,22.0519358060387,"PIPO_spring_n"
"PIPO","spring","n",55,270,1.23539781517673,"PIPO_spring_n"
"PIPO","spring","n",55,160,56.9872363856845,"PIPO_spring_n"
"PIPO","spring","n",55,500,8.9619460744964,"PIPO_spring_n"
"PIPO","spring","n",55,270,42.312261552138,"PIPO_spring_n"
"PIPO","spring","n",55,160,62.5498912741903,"PIPO_spring_n"
"PIPO","spring","n",55,25,99.1405732423033,"PIPO_spring_n"
"PIPO","spring","n",55,25,99.9717860283906,"PIPO_spring_n"
"PIPO","spring","n",55,160,82.1424419182887,"PIPO_spring_n"
"PIPO","spring","n",55,50,91.6410349119809,"PIPO_spring_n"
"PIPO","spring","n",55,50,95.3326309874318,"PIPO_spring_n"
"PIPO","spring","n",55,25,95.2477805920305,"PIPO_spring_n"
"PIPO","spring","n",55,620,6.01676588612239,"PIPO_spring_n"
"PIPO","spring","n",55,620,8.52808056320795,"PIPO_spring_n"
"PIPO","spring","n",55,620,-4.57439751988488,"PIPO_spring_n"
"PIPO","spring","n",55,0,100,"PIPO_spring_n"
"PIPO","spring","o",55,500,6.54515675832599,"PIPO_spring_o"
"PIPO","spring","o",55,500,-4.82559530052817,"PIPO_spring_o"
"PIPO","spring","o",55,50,94.0858453925552,"PIPO_spring_o"
"PIPO","spring","o",55,270,55.6277416018034,"PIPO_spring_o"
"PIPO","spring","o",55,160,92.0753646899685,"PIPO_spring_o"
"PIPO","spring","o",55,500,12.8193083738924,"PIPO_spring_o"
"PIPO","spring","o",55,380,11.6277598930111,"PIPO_spring_o"
"PIPO","spring","o",55,380,14.105460398877,"PIPO_spring_o"
"PIPO","spring","o",55,270,68.2016780254696,"PIPO_spring_o"
"PIPO","spring","o",55,270,62.4299543038462,"PIPO_spring_o"
"PIPO","spring","o",55,25,99.6671263330735,"PIPO_spring_o"
"PIPO","spring","o",55,25,99.9402682600288,"PIPO_spring_o"
"PIPO","spring","o",55,380,27.9690700197784,"PIPO_spring_o"
"PIPO","spring","o",55,160,96.3548685067479,"PIPO_spring_o"
"PIPO","spring","o",55,50,100.708942853592,"PIPO_spring_o"
"PIPO","spring","o",55,50,100.177803738869,"PIPO_spring_o"
"PIPO","spring","o",55,25,98.3250049984771,"PIPO_spring_o"
"PIPO","spring","o",55,620,25.0877337345176,"PIPO_spring_o"
"PIPO","spring","o",55,620,-18.5002883873007,"PIPO_spring_o"
"PIPO","spring","o",55,620,-6.58744534721693,"PIPO_spring_o"
"PIPO","spring","o",55,0,100,"PIPO_spring_o"
"PIPO","spring","n",60,20,67.7686969703563,"PIPO_spring_n"
"PIPO","spring","n",60,65,10.5516808859001,"PIPO_spring_n"
"PIPO","spring","n",60,5,92.9948561736521,"PIPO_spring_n"
"PIPO","spring","n",60,5,84.3863362369556,"PIPO_spring_n"
"PIPO","spring","n",60,5,75.0305622362865,"PIPO_spring_n"
"PIPO","spring","n",60,10,78.101228406287,"PIPO_spring_n"
"PIPO","spring","n",60,155,2.97490310815748,"PIPO_spring_n"
"PIPO","spring","n",60,155,3.40718273532973,"PIPO_spring_n"
"PIPO","spring","n",60,155,-6.38208584348719,"PIPO_spring_n"
"PIPO","spring","n",60,110,9.64728639982937,"PIPO_spring_n"
"PIPO","spring","n",60,110,-29.9327046014063,"PIPO_spring_n"
"PIPO","spring","n",60,20,84.5289868758805,"PIPO_spring_n"
"PIPO","spring","n",60,20,93.7584927164024,"PIPO_spring_n"
"PIPO","spring","n",60,10,86.7486951676187,"PIPO_spring_n"
"PIPO","spring","n",60,10,76.9820124871199,"PIPO_spring_n"
"PIPO","spring","n",60,110,22.3515517742783,"PIPO_spring_n"
"PIPO","spring","n",60,65,22.4838301772188,"PIPO_spring_n"
"PIPO","spring","n",60,65,43.0022765141326,"PIPO_spring_n"
"PIPO","spring","n",60,0,100,"PIPO_spring_n"
"PIPO","spring","o",60,20,84.9460224698553,"PIPO_spring_o"
"PIPO","spring","o",60,5,98.6631127723161,"PIPO_spring_o"
"PIPO","spring","o",60,5,95.6359349035626,"PIPO_spring_o"
"PIPO","spring","o",60,5,98.2520786591816,"PIPO_spring_o"
"PIPO","spring","o",60,10,97.7633556073176,"PIPO_spring_o"
"PIPO","spring","o",60,155,-22.2130225217009,"PIPO_spring_o"
"PIPO","spring","o",60,155,15.1222216295439,"PIPO_spring_o"
"PIPO","spring","o",60,155,13.115807999029,"PIPO_spring_o"
"PIPO","spring","o",60,110,28.2457714504748,"PIPO_spring_o"
"PIPO","spring","o",60,110,-23.0095053536134,"PIPO_spring_o"
"PIPO","spring","o",60,20,99.5069389541523,"PIPO_spring_o"
"PIPO","spring","o",60,20,99.5660564990127,"PIPO_spring_o"
"PIPO","spring","o",60,10,98.7930175739463,"PIPO_spring_o"
"PIPO","spring","o",60,10,103.443626818736,"PIPO_spring_o"
"PIPO","spring","o",60,110,-5.23626609686138,"PIPO_spring_o"
"PIPO","spring","o",60,65,95.3333364796641,"PIPO_spring_o"
"PIPO","spring","o",60,65,87.5571820899619,"PIPO_spring_o"
"PIPO","spring","o",60,65,79.7376325523125,"PIPO_spring_o"
"PIPO","spring","o",60,0,98.9184193559038,"PIPO_spring_o"
"PIPO","spring","n",65,10,8.56710194960977,"PIPO_spring_n"
"PIPO","spring","n",65,30,15.054686707652,"PIPO_spring_n"
"PIPO","spring","n",65,50,12.9416922747785,"PIPO_spring_n"
"PIPO","spring","n",65,2,75.8540963774532,"PIPO_spring_n"
"PIPO","spring","n",65,5,68.5924348419017,"PIPO_spring_n"
"PIPO","spring","n",65,70,22.3640740140454,"PIPO_spring_n"
"PIPO","spring","n",65,70,1.11761461185653,"PIPO_spring_n"
"PIPO","spring","n",65,70,22.5404223064661,"PIPO_spring_n"
"PIPO","spring","n",65,50,4.68809537258545,"PIPO_spring_n"
"PIPO","spring","n",65,50,7.56987652656221,"PIPO_spring_n"
"PIPO","spring","n",65,30,5.96381248251397,"PIPO_spring_n"
"PIPO","spring","n",65,30,-21.018499190166,"PIPO_spring_n"
"PIPO","spring","n",65,10,38.8047410890713,"PIPO_spring_n"
"PIPO","spring","n",65,10,30.9026129109105,"PIPO_spring_n"
"PIPO","spring","n",65,5,86.9979085071052,"PIPO_spring_n"
"PIPO","spring","n",65,5,70.9783923922701,"PIPO_spring_n"
"PIPO","spring","n",65,2,85.4360904415423,"PIPO_spring_n"
"PIPO","spring","n",65,2,91.5924086178594,"PIPO_spring_n"
"PIPO","spring","n",65,0,100,"PIPO_spring_n"
"PIPO","spring","o",65,10,86.4608600464719,"PIPO_spring_o"
"PIPO","spring","o",65,30,48.0135829163756,"PIPO_spring_o"
"PIPO","spring","o",65,50,8.84702916475527,"PIPO_spring_o"
"PIPO","spring","o",65,2,99.9296956692035,"PIPO_spring_o"
"PIPO","spring","o",65,5,76.1559840758823,"PIPO_spring_o"
"PIPO","spring","o",65,70,-23.423296282231,"PIPO_spring_o"
"PIPO","spring","o",65,70,14.6874467232122,"PIPO_spring_o"
"PIPO","spring","o",65,50,19.1532935644944,"PIPO_spring_o"
"PIPO","spring","o",65,50,-16.6791149992989,"PIPO_spring_o"
"PIPO","spring","o",65,30,7.56838609115539,"PIPO_spring_o"
"PIPO","spring","o",65,30,0.186120253647917,"PIPO_spring_o"
"PIPO","spring","o",65,10,90.0475743773025,"PIPO_spring_o"
"PIPO","spring","o",65,10,96.3374603540173,"PIPO_spring_o"
"PIPO","spring","o",65,5,98.0825038001514,"PIPO_spring_o"
"PIPO","spring","o",65,5,99.5976506812445,"PIPO_spring_o"
"PIPO","spring","o",65,2,94.9195190454643,"PIPO_spring_o"
"PIPO","spring","o",65,2,102.82828532262,"PIPO_spring_o"
"PIPO","spring","o",65,70,8.7358495590188,"PIPO_spring_o"
"PIPO","spring","o",65,0,100,"PIPO_spring_o"
"PIPO","autumn","n",65,5,88.9087440397686,"PIPO_autumn_n"
"PIPO","autumn","n",65,5,83.6108025101862,"PIPO_autumn_n"
"PIPO","autumn","n",65,5,99.6102005152049,"PIPO_autumn_n"
"PIPO","autumn","n",65,10,99.2624179478866,"PIPO_autumn_n"
"PIPO","autumn","n",65,10,94.2420896154363,"PIPO_autumn_n"
"PIPO","autumn","n",65,10,76.8705372139099,"PIPO_autumn_n"
"PIPO","autumn","n",65,30,40.9572187332116,"PIPO_autumn_n"
"PIPO","autumn","n",65,30,46.9876826367201,"PIPO_autumn_n"
"PIPO","autumn","n",65,30,46.6007699300394,"PIPO_autumn_n"
"PIPO","autumn","n",65,50,24.1062002495161,"PIPO_autumn_n"
"PIPO","autumn","n",65,50,26.8332889250958,"PIPO_autumn_n"
"PIPO","autumn","n",65,50,-5.992892434495,"PIPO_autumn_n"
"PIPO","autumn","n",65,2,94.1351291191456,"PIPO_autumn_n"
"PIPO","autumn","n",65,2,95.0058997540915,"PIPO_autumn_n"
"PIPO","autumn","n",65,2,97.9272341989278,"PIPO_autumn_n"
"PIPO","autumn","n",65,70,6.57264048593268,"PIPO_autumn_n"
"PIPO","autumn","n",65,70,1.86039934245872,"PIPO_autumn_n"
"PIPO","autumn","n",65,70,5.75142080067129,"PIPO_autumn_n"
"PIPO","autumn","n",65,90,11.3545125997676,"PIPO_autumn_n"
"PIPO","autumn","n",65,90,-4.59241358072283,"PIPO_autumn_n"
"PIPO","autumn","n",65,90,-6.76209901904483,"PIPO_autumn_n"
"PIPO","autumn","n",65,0,100,"PIPO_autumn_n"
"PIPO","autumn","o",65,5,94.7773976152185,"PIPO_autumn_o"
"PIPO","autumn","o",65,5,95.2575779026661,"PIPO_autumn_o"
"PIPO","autumn","o",65,5,95.6726328768781,"PIPO_autumn_o"
"PIPO","autumn","o",65,10,107.8501058632,"PIPO_autumn_o"
"PIPO","autumn","o",65,10,92.7756714954462,"PIPO_autumn_o"
"PIPO","autumn","o",65,10,94.2839358870957,"PIPO_autumn_o"
"PIPO","autumn","o",65,30,68.4245948950548,"PIPO_autumn_o"
"PIPO","autumn","o",65,30,56.584983895912,"PIPO_autumn_o"
"PIPO","autumn","o",65,30,61.4628751072476,"PIPO_autumn_o"
"PIPO","autumn","o",65,50,23.9741012356348,"PIPO_autumn_o"
"PIPO","autumn","o",65,50,46.328059062619,"PIPO_autumn_o"
"PIPO","autumn","o",65,50,6.16699851412975,"PIPO_autumn_o"
"PIPO","autumn","o",65,2,99.006358452361,"PIPO_autumn_o"
"PIPO","autumn","o",65,2,96.7669580053757,"PIPO_autumn_o"
"PIPO","autumn","o",65,2,100.555256161546,"PIPO_autumn_o"
"PIPO","autumn","o",65,70,35.7698717172331,"PIPO_autumn_o"
"PIPO","autumn","o",65,70,6.50998924926616,"PIPO_autumn_o"
"PIPO","autumn","o",65,70,-13.9026103252795,"PIPO_autumn_o"
"PIPO","autumn","o",65,90,6.63380332079689,"PIPO_autumn_o"
"PIPO","autumn","o",65,90,0.896235084725495,"PIPO_autumn_o"
"PIPO","autumn","o",65,90,-7.5300384055224,"PIPO_autumn_o"
"PIPO","autumn","o",65,0,100,"PIPO_autumn_o"
"PIPO","autumn","n",60,5,101.164276453153,"PIPO_autumn_n"
"PIPO","autumn","n",60,5,100.937946998573,"PIPO_autumn_n"
"PIPO","autumn","n",60,5,98.0511058501324,"PIPO_autumn_n"
"PIPO","autumn","n",60,5,99.39468989882,"PIPO_autumn_n"
"PIPO","autumn","n",60,10,99.2483524033673,"PIPO_autumn_n"
"PIPO","autumn","n",60,10,99.5902179846382,"PIPO_autumn_n"
"PIPO","autumn","n",60,10,101.161429611995,"PIPO_autumn_n"
"PIPO","autumn","n",60,20,89.9919000031522,"PIPO_autumn_n"
"PIPO","autumn","n",60,20,98.8531121614261,"PIPO_autumn_n"
"PIPO","autumn","n",60,20,95.564576110028,"PIPO_autumn_n"
"PIPO","autumn","n",60,65,48.0388802635228,"PIPO_autumn_n"
"PIPO","autumn","n",60,65,37.9169555857387,"PIPO_autumn_n"
"PIPO","autumn","n",60,65,8.26023061697894,"PIPO_autumn_n"
"PIPO","autumn","n",60,110,20.6924349707887,"PIPO_autumn_n"
"PIPO","autumn","n",60,110,3.90098067085828,"PIPO_autumn_n"
"PIPO","autumn","n",60,200,5.8700019240799,"PIPO_autumn_n"
"PIPO","autumn","n",60,200,-8.29905960454877,"PIPO_autumn_n"
"PIPO","autumn","n",60,200,2.42905768046888,"PIPO_autumn_n"
"PIPO","autumn","n",60,155,9.58089512732666,"PIPO_autumn_n"
"PIPO","autumn","n",60,155,1.14920862030067,"PIPO_autumn_n"
"PIPO","autumn","n",60,155,7.32558119935838,"PIPO_autumn_n"
"PIPO","autumn","n",60,110,-3.75708428728432,"PIPO_autumn_n"
"PIPO","autumn","n",60,0,99.3185783713048,"PIPO_autumn_n"
"PIPO","autumn","o",60,5,102.085761391547,"PIPO_autumn_o"
"PIPO","autumn","o",60,5,97.3544199538423,"PIPO_autumn_o"
"PIPO","autumn","o",60,5,97.7249890084984,"PIPO_autumn_o"
"PIPO","autumn","o",60,10,95.9342500930021,"PIPO_autumn_o"
"PIPO","autumn","o",60,10,104.563939457826,"PIPO_autumn_o"
"PIPO","autumn","o",60,10,99.5018104491722,"PIPO_autumn_o"
"PIPO","autumn","o",60,20,98.2838512895155,"PIPO_autumn_o"
"PIPO","autumn","o",60,20,99.2558278041855,"PIPO_autumn_o"
"PIPO","autumn","o",60,20,91.2223118868533,"PIPO_autumn_o"
"PIPO","autumn","o",60,65,12.1423899486587,"PIPO_autumn_o"
"PIPO","autumn","o",60,65,38.9943027817061,"PIPO_autumn_o"
"PIPO","autumn","o",60,65,6.87644339165218,"PIPO_autumn_o"
"PIPO","autumn","o",60,110,-1.45168232471297,"PIPO_autumn_o"
"PIPO","autumn","o",60,110,17.5719045041969,"PIPO_autumn_o"
"PIPO","autumn","o",60,200,2.75769544459512,"PIPO_autumn_o"
"PIPO","autumn","o",60,200,9.1157567988048,"PIPO_autumn_o"
"PIPO","autumn","o",60,200,-11.8734522433999,"PIPO_autumn_o"
"PIPO","autumn","o",60,155,4.47484824167049,"PIPO_autumn_o"
"PIPO","autumn","o",60,155,13.3331340020329,"PIPO_autumn_o"
"PIPO","autumn","o",60,155,6.8601039294595,"PIPO_autumn_o"
"PIPO","autumn","o",60,110,-11.2906304347838,"PIPO_autumn_o"
"PIPO","autumn","o",60,0,99.1510893910192,"PIPO_autumn_o"
"PIPO","autumn","n",55,25,98.9664270290356,"PIPO_autumn_n"
"PIPO","autumn","n",55,25,97.8150829712055,"PIPO_autumn_n"
"PIPO","autumn","n",55,25,98.1201466114742,"PIPO_autumn_n"
"PIPO","autumn","n",55,50,100.043875728403,"PIPO_autumn_n"
"PIPO","autumn","n",55,50,100.172594204356,"PIPO_autumn_n"
"PIPO","autumn","n",55,50,97.9441525587549,"PIPO_autumn_n"
"PIPO","autumn","n",55,500,8.19839692446749,"PIPO_autumn_n"
"PIPO","autumn","n",55,500,1.97523897773548,"PIPO_autumn_n"
"PIPO","autumn","n",55,500,5.00403755331643,"PIPO_autumn_n"
"PIPO","autumn","n",55,380,32.9369702852026,"PIPO_autumn_n"
"PIPO","autumn","n",55,380,17.8771610406808,"PIPO_autumn_n"
"PIPO","autumn","n",55,380,57.3478939687435,"PIPO_autumn_n"
"PIPO","autumn","n",55,160,66.1177074663563,"PIPO_autumn_n"
"PIPO","autumn","n",55,160,88.5043946420773,"PIPO_autumn_n"
"PIPO","autumn","n",55,160,83.0741982329771,"PIPO_autumn_n"
"PIPO","autumn","n",55,620,-0.874075390213593,"PIPO_autumn_n"
"PIPO","autumn","n",55,620,11.5754451550046,"PIPO_autumn_n"
"PIPO","autumn","n",55,620,-10.701369764791,"PIPO_autumn_n"
"PIPO","autumn","n",55,0,100,"PIPO_autumn_n"
"PIPO","autumn","o",55,25,99.4657201835945,"PIPO_autumn_o"
"PIPO","autumn","o",55,25,91.1153262916418,"PIPO_autumn_o"
"PIPO","autumn","o",55,25,99.125616339236,"PIPO_autumn_o"
"PIPO","autumn","o",55,50,99.6385772570864,"PIPO_autumn_o"
"PIPO","autumn","o",55,50,99.2186451104452,"PIPO_autumn_o"
"PIPO","autumn","o",55,50,100.757965529556,"PIPO_autumn_o"
"PIPO","autumn","o",55,500,3.71253293670187,"PIPO_autumn_o"
"PIPO","autumn","o",55,500,5.05801623249403,"PIPO_autumn_o"
"PIPO","autumn","o",55,500,-0.978314752446886,"PIPO_autumn_o"
"PIPO","autumn","o",55,380,63.0496681475735,"PIPO_autumn_o"
"PIPO","autumn","o",55,380,61.9578348656543,"PIPO_autumn_o"
"PIPO","autumn","o",55,380,41.0717923655267,"PIPO_autumn_o"
"PIPO","autumn","o",55,160,93.4682444457767,"PIPO_autumn_o"
"PIPO","autumn","o",55,160,94.9567833679628,"PIPO_autumn_o"
"PIPO","autumn","o",55,160,92.6810028310638,"PIPO_autumn_o"
"PIPO","autumn","o",55,620,-14.0856231777455,"PIPO_autumn_o"
"PIPO","autumn","o",55,620,18.5908184146213,"PIPO_autumn_o"
"PIPO","autumn","o",55,620,-4.50519523687584,"PIPO_autumn_o"
"PIPO","autumn","o",55,0,100,"PIPO_autumn_o"
"PIPO","autumn","n",50,1375,-7.23257205212666,"PIPO_autumn_n"
"PIPO","autumn","n",50,1375,16.1864644442965,"PIPO_autumn_n"
"PIPO","autumn","n",50,1375,32.3040561195392,"PIPO_autumn_n"
"PIPO","autumn","n",50,500,94.2627681580553,"PIPO_autumn_n"
"PIPO","autumn","n",50,500,88.5257336585407,"PIPO_autumn_n"
"PIPO","autumn","n",50,500,95.2712180086501,"PIPO_autumn_n"
"PIPO","autumn","n",50,250,92.1311051073887,"PIPO_autumn_n"
"PIPO","autumn","n",50,250,99.3036817437392,"PIPO_autumn_n"
"PIPO","autumn","n",50,250,96.6897660385187,"PIPO_autumn_n"
"PIPO","autumn","n",50,3125,25.152611482497,"PIPO_autumn_n"
"PIPO","autumn","n",50,3125,7.64143813857448,"PIPO_autumn_n"
"PIPO","autumn","n",50,3125,0.298973508868768,"PIPO_autumn_n"
"PIPO","autumn","n",50,2250,27.6372543143748,"PIPO_autumn_n"
"PIPO","autumn","n",50,2250,1.59387638252953,"PIPO_autumn_n"
"PIPO","autumn","n",50,2250,-29.2311306969044,"PIPO_autumn_n"
"PIPO","autumn","n",50,0,100,"PIPO_autumn_n"
"PIPO","autumn","o",50,1375,31.3002887643926,"PIPO_autumn_o"
"PIPO","autumn","o",50,1375,19.2968215927353,"PIPO_autumn_o"
"PIPO","autumn","o",50,1375,39.9245112690649,"PIPO_autumn_o"
"PIPO","autumn","o",50,500,97.796238251782,"PIPO_autumn_o"
"PIPO","autumn","o",50,500,96.7354640813382,"PIPO_autumn_o"
"PIPO","autumn","o",50,500,99.5956260574283,"PIPO_autumn_o"
"PIPO","autumn","o",50,250,97.8443320159562,"PIPO_autumn_o"
"PIPO","autumn","o",50,250,98.1196634426397,"PIPO_autumn_o"
"PIPO","autumn","o",50,250,98.0747554178189,"PIPO_autumn_o"
"PIPO","autumn","o",50,3125,15.3418819671988,"PIPO_autumn_o"
"PIPO","autumn","o",50,3125,11.5992493169425,"PIPO_autumn_o"
"PIPO","autumn","o",50,3125,-9.27904586581054,"PIPO_autumn_o"
"PIPO","autumn","o",50,2250,2.68893249593641,"PIPO_autumn_o"
"PIPO","autumn","o",50,2250,19.0691008331162,"PIPO_autumn_o"
"PIPO","autumn","o",50,2250,-21.7580333290526,"PIPO_autumn_o"
"PIPO","autumn","o",50,0,100,"PIPO_autumn_o"
"PIPO","autumn","o",45,10200,-9.4991030098548,"PIPO_autumn_o"
"PIPO","autumn","o",45,10200,31.5811512246781,"PIPO_autumn_o"
"PIPO","autumn","o",45,10200,-13.270361222182,"PIPO_autumn_o"
"PIPO","autumn","o",45,6000,-2.76278158263274,"PIPO_autumn_o"
"PIPO","autumn","o",45,6000,15.7633179318955,"PIPO_autumn_o"
"PIPO","autumn","o",45,6000,-1.5776686766762,"PIPO_autumn_o"
"PIPO","autumn","o",45,4750,14.7388905786176,"PIPO_autumn_o"
"PIPO","autumn","o",45,4750,26.7767781261828,"PIPO_autumn_o"
"PIPO","autumn","o",45,4750,53.384386914797,"PIPO_autumn_o"
"PIPO","autumn","o",45,3500,61.2941979517941,"PIPO_autumn_o"
"PIPO","autumn","o",45,3500,74.7299690611049,"PIPO_autumn_o"
"PIPO","autumn","o",45,3500,68.7173423103616,"PIPO_autumn_o"
"PIPO","autumn","o",45,2250,85.4047686680019,"PIPO_autumn_o"
"PIPO","autumn","o",45,2250,94.0980954975507,"PIPO_autumn_o"
"PIPO","autumn","o",45,2250,81.7585499484366,"PIPO_autumn_o"
"PIPO","autumn","o",45,1000,101.227172597654,"PIPO_autumn_o"
"PIPO","autumn","o",45,1000,99.680476829311,"PIPO_autumn_o"
"PIPO","autumn","o",45,1000,98.2294505424606,"PIPO_autumn_o"
"PIPO","autumn","o",45,8200,19.0897341010392,"PIPO_autumn_o"
"PIPO","autumn","o",45,8200,-19.0897341010392,"PIPO_autumn_o"
"PIPO","autumn","o",45,0,100,"PIPO_autumn_o"
"PIPO","autumn","n",45,10200,8.41834077142296,"PIPO_autumn_n"
"PIPO","autumn","n",45,10200,-6.87358435056894,"PIPO_autumn_n"
"PIPO","autumn","n",45,6000,22.7988148591565,"PIPO_autumn_n"
"PIPO","autumn","n",45,6000,-5.23916137952408,"PIPO_autumn_n"
"PIPO","autumn","n",45,6000,-2.43820245429718,"PIPO_autumn_n"
"PIPO","autumn","n",45,10200,11.8047672928723,"PIPO_autumn_n"
"PIPO","autumn","n",45,4750,-12.5875345952313,"PIPO_autumn_n"
"PIPO","autumn","n",45,4750,24.6545495073759,"PIPO_autumn_n"
"PIPO","autumn","n",45,4750,22.0510378379821,"PIPO_autumn_n"
"PIPO","autumn","n",45,3500,27.9900231123118,"PIPO_autumn_n"
"PIPO","autumn","n",45,3500,50.0338905124988,"PIPO_autumn_n"
"PIPO","autumn","n",45,3500,52.7156668803216,"PIPO_autumn_n"
"PIPO","autumn","n",45,2250,74.6155577052779,"PIPO_autumn_n"
"PIPO","autumn","n",45,2250,80.3908446179926,"PIPO_autumn_n"
"PIPO","autumn","n",45,2250,39.3896502119746,"PIPO_autumn_n"
"PIPO","autumn","n",45,1000,99.9668767394482,"PIPO_autumn_n"
"PIPO","autumn","n",45,1000,101.655615802431,"PIPO_autumn_n"
"PIPO","autumn","n",45,1000,98.3775074581209,"PIPO_autumn_n"
"PIPO","autumn","n",45,8200,7.5526424641176,"PIPO_autumn_n"
"PIPO","autumn","n",45,8200,-7.55264246411762,"PIPO_autumn_n"
"PIPO","autumn","n",45,0,99.765180449886,"PIPO_autumn_n"
"PSME","spring","n",45,6000,16.6576390056214,"PSME_spring_n"
"PSME","spring","n",45,6000,15.7904891431306,"PSME_spring_n"
"PSME","spring","n",45,6000,-0.543871566547259,"PSME_spring_n"
"PSME","spring","n",45,4750,-2.26165612144302,"PSME_spring_n"
"PSME","spring","n",45,1000,19.5717829236143,"PSME_spring_n"
"PSME","spring","n",45,1000,50.9608756633591,"PSME_spring_n"
"PSME","spring","n",45,4750,-0.0672125863507217,"PSME_spring_n"
"PSME","spring","n",45,4750,14.4903597386112,"PSME_spring_n"
"PSME","spring","n",45,3500,5.62791604029494,"PSME_spring_n"
"PSME","spring","n",45,3500,11.3169518504195,"PSME_spring_n"
"PSME","spring","n",45,2250,-7.26529227868747,"PSME_spring_n"
"PSME","spring","n",45,2250,38.8498024173833,"PSME_spring_n"
"PSME","spring","n",45,1000,16.6861405329543,"PSME_spring_n"
"PSME","spring","n",45,3500,-7.94390453167163,"PSME_spring_n"
"PSME","spring","n",45,2250,8.82278042633235,"PSME_spring_n"
"PSME","spring","n",45,10200,-6.34204897432672,"PSME_spring_n"
"PSME","spring","n",45,10200,-4.57537381556808,"PSME_spring_n"
"PSME","spring","n",45,10200,10.9174227898948,"PSME_spring_n"
"PSME","spring","n",45,500,83.3279665891123,"PSME_spring_n"
"PSME","spring","n",45,500,93.5312690428399,"PSME_spring_n"
"PSME","spring","n",45,500,71.8291578022553,"PSME_spring_n"
"PSME","spring","n",45,0,100,"PSME_spring_n"
"PSME","spring","o",45,6000,10.0507138452896,"PSME_spring_o"
"PSME","spring","o",45,6000,1.26434550677438,"PSME_spring_o"
"PSME","spring","o",45,6000,-11.315059352064,"PSME_spring_o"
"PSME","spring","o",45,4750,25.0257190182861,"PSME_spring_o"
"PSME","spring","o",45,1000,84.7580443652563,"PSME_spring_o"
"PSME","spring","o",45,3500,81.93609327747,"PSME_spring_o"
"PSME","spring","o",45,2250,87.3316923312896,"PSME_spring_o"
"PSME","spring","o",45,1000,89.6475316034922,"PSME_spring_o"
"PSME","spring","o",45,4750,16.8593062713431,"PSME_spring_o"
"PSME","spring","o",45,4750,58.5245095092489,"PSME_spring_o"
"PSME","spring","o",45,3500,72.7802152464646,"PSME_spring_o"
"PSME","spring","o",45,3500,73.0691787093272,"PSME_spring_o"
"PSME","spring","o",45,2250,65.70664965459,"PSME_spring_o"
"PSME","spring","o",45,1000,95.8218885413274,"PSME_spring_o"
"PSME","spring","o",45,2250,95.2822655481743,"PSME_spring_o"
"PSME","spring","o",45,10200,12.0535858144618,"PSME_spring_o"
"PSME","spring","o",45,10200,0.827857170283346,"PSME_spring_o"
"PSME","spring","o",45,10200,22.5771216862631,"PSME_spring_o"
"PSME","spring","o",45,500,96.1056482990391,"PSME_spring_o"
"PSME","spring","o",45,500,95.5444367620208,"PSME_spring_o"
"PSME","spring","o",45,500,99.9432914746101,"PSME_spring_o"
"PSME","spring","o",45,0,100,"PSME_spring_o"
"PSME","spring","o",50,3125,-6.03151949671483,"PSME_spring_o"
"PSME","spring","o",50,3125,4.87525930291399,"PSME_spring_o"
"PSME","spring","o",50,3125,1.15626019380083,"PSME_spring_o"
"PSME","spring","o",50,2250,9.72315359241933,"PSME_spring_o"
"PSME","spring","o",50,2250,3.11424090165273,"PSME_spring_o"
"PSME","spring","o",50,1375,20.5834866640752,"PSME_spring_o"
"PSME","spring","o",50,1375,3.90005117604115,"PSME_spring_o"
"PSME","spring","o",50,1375,5.77256950348777,"PSME_spring_o"
"PSME","spring","o",50,500,67.9158929770202,"PSME_spring_o"
"PSME","spring","o",50,500,65.7933427383605,"PSME_spring_o"
"PSME","spring","o",50,2250,-10.3042011029748,"PSME_spring_o"
"PSME","spring","o",50,250,96.9692141357843,"PSME_spring_o"
"PSME","spring","o",50,250,93.6146790094511,"PSME_spring_o"
"PSME","spring","o",50,250,97.967435347211,"PSME_spring_o"
"PSME","spring","o",50,0,100,"PSME_spring_o"
"PSME","spring","n",50,3125,9.05825993141814,"PSME_spring_n"
"PSME","spring","n",50,3125,-0.128876987187117,"PSME_spring_n"
"PSME","spring","n",50,3125,29.8649039001297,"PSME_spring_n"
"PSME","spring","n",50,2250,0.163145217453538,"PSME_spring_n"
"PSME","spring","n",50,2250,6.24569141941636,"PSME_spring_n"
"PSME","spring","n",50,2250,-6.40883663686991,"PSME_spring_n"
"PSME","spring","n",50,1375,9.57853235781657,"PSME_spring_n"
"PSME","spring","n",50,1375,31.9058707006651,"PSME_spring_n"
"PSME","spring","n",50,1375,1.61465376533533,"PSME_spring_n"
"PSME","spring","n",50,500,24.0103098328054,"PSME_spring_n"
"PSME","spring","n",50,500,-1.91563433939601,"PSME_spring_n"
"PSME","spring","n",50,500,8.01132360209588,"PSME_spring_n"
"PSME","spring","n",50,250,34.0804889140895,"PSME_spring_n"
"PSME","spring","n",50,250,27.0484294305147,"PSME_spring_n"
"PSME","spring","n",50,250,21.0255919628758,"PSME_spring_n"
"PSME","spring","n",50,0,100,"PSME_spring_n"
"PSME","spring","n",55,500,18.3323186025508,"PSME_spring_n"
"PSME","spring","n",55,500,1.58144915482065,"PSME_spring_n"
"PSME","spring","n",55,500,-0.0124404517362461,"PSME_spring_n"
"PSME","spring","n",55,380,-1.60303738209269,"PSME_spring_n"
"PSME","spring","n",55,380,8.4327232522568,"PSME_spring_n"
"PSME","spring","n",55,380,-6.82968587016411,"PSME_spring_n"
"PSME","spring","n",55,270,12.064834773407,"PSME_spring_n"
"PSME","spring","n",55,270,-9.11580093888768,"PSME_spring_n"
"PSME","spring","n",55,270,10.7610995327353,"PSME_spring_n"
"PSME","spring","n",55,160,9.20936136591993,"PSME_spring_n"
"PSME","spring","n",55,160,3.02995287461991,"PSME_spring_n"
"PSME","spring","n",55,160,-3.82785063887378,"PSME_spring_n"
"PSME","spring","n",55,50,23.5463366526624,"PSME_spring_n"
"PSME","spring","n",55,50,24.3550276061623,"PSME_spring_n"
"PSME","spring","n",55,50,45.746140836663,"PSME_spring_n"
"PSME","spring","n",55,25,46.1936842672161,"PSME_spring_n"
"PSME","spring","n",55,25,60.2375611093806,"PSME_spring_n"
"PSME","spring","n",55,25,65.5716275245683,"PSME_spring_n"
"PSME","spring","n",55,0,100,"PSME_spring_n"
"PSME","spring","o",55,500,5.9949487297403,"PSME_spring_o"
"PSME","spring","o",55,500,-5.79169597717241,"PSME_spring_o"
"PSME","spring","o",55,500,5.06205394055245,"PSME_spring_o"
"PSME","spring","o",55,380,-3.27210972892035,"PSME_spring_o"
"PSME","spring","o",55,380,12.5675390688769,"PSME_spring_o"
"PSME","spring","o",55,380,-7.39653605684624,"PSME_spring_o"
"PSME","spring","o",55,270,7.84573142664379,"PSME_spring_o"
"PSME","spring","o",55,270,16.1671580830543,"PSME_spring_o"
"PSME","spring","o",55,270,-0.694361490845545,"PSME_spring_o"
"PSME","spring","o",55,160,9.63859578288768,"PSME_spring_o"
"PSME","spring","o",55,160,-6.91665423851254,"PSME_spring_o"
"PSME","spring","o",55,160,-2.72194154437514,"PSME_spring_o"
"PSME","spring","o",55,50,26.8403032945413,"PSME_spring_o"
"PSME","spring","o",55,50,48.9081708792266,"PSME_spring_o"
"PSME","spring","o",55,50,29.9166492153859,"PSME_spring_o"
"PSME","spring","o",55,25,88.9341746110103,"PSME_spring_o"
"PSME","spring","o",55,25,80.609859580294,"PSME_spring_o"
"PSME","spring","o",55,25,91.5629745440052,"PSME_spring_o"
"PSME","spring","o",55,0,100,"PSME_spring_o"
"PSME","spring","n",60,5,83.0530465647777,"PSME_spring_n"
"PSME","spring","n",60,5,76.0015659547756,"PSME_spring_n"
"PSME","spring","n",60,5,91.7499859895819,"PSME_spring_n"
"PSME","spring","n",60,10,-8.36125845276768,"PSME_spring_n"
"PSME","spring","n",60,10,13.2644671316407,"PSME_spring_n"
"PSME","spring","n",60,10,3.26829521975392,"PSME_spring_n"
"PSME","spring","n",60,20,-12.2094978563698,"PSME_spring_n"
"PSME","spring","n",60,20,9.15098703850264,"PSME_spring_n"
"PSME","spring","n",60,20,9.73107663296281,"PSME_spring_n"
"PSME","spring","n",60,65,-2.57360287412542,"PSME_spring_n"
"PSME","spring","n",60,65,-16.162084661197,"PSME_spring_n"
"PSME","spring","n",60,65,18.7356875353224,"PSME_spring_n"
"PSME","spring","n",60,110,-6.99248093672734,"PSME_spring_n"
"PSME","spring","n",60,110,23.3892246454586,"PSME_spring_n"
"PSME","spring","n",60,110,19.4840501922382,"PSME_spring_n"
"PSME","spring","n",60,0,100,"PSME_spring_n"
"PSME","spring","o",60,5,94.1475470966116,"PSME_spring_o"
"PSME","spring","o",60,5,89.8081461555318,"PSME_spring_o"
"PSME","spring","o",60,5,98.528624897671,"PSME_spring_o"
"PSME","spring","o",60,10,8.29677333036108,"PSME_spring_o"
"PSME","spring","o",60,10,4.2364603557697,"PSME_spring_o"
"PSME","spring","o",60,10,22.9223799698159,"PSME_spring_o"
"PSME","spring","o",60,20,6.80375628424657,"PSME_spring_o"
"PSME","spring","o",60,20,1.52648428155756,"PSME_spring_o"
"PSME","spring","o",60,20,20.7592995175999,"PSME_spring_o"
"PSME","spring","o",60,65,3.85587389812959,"PSME_spring_o"
"PSME","spring","o",60,65,-15.366277379545,"PSME_spring_o"
"PSME","spring","o",60,65,11.5104034814154,"PSME_spring_o"
"PSME","spring","o",60,110,18.7041039964421,"PSME_spring_o"
"PSME","spring","o",60,110,-8.09525223180021,"PSME_spring_o"
"PSME","spring","o",60,110,7.020848831344,"PSME_spring_o"
"PSME","spring","o",60,0,100,"PSME_spring_o"
"PSME","spring","n",65,70,1.78121373819932,"PSME_spring_n"
"PSME","spring","n",65,70,-5.27708085598431,"PSME_spring_n"
"PSME","spring","n",65,70,3.49586711778499,"PSME_spring_n"
"PSME","spring","n",65,50,-6.6083448734242,"PSME_spring_n"
"PSME","spring","n",65,50,8.2553769088588,"PSME_spring_n"
"PSME","spring","n",65,50,9.42229155453531,"PSME_spring_n"
"PSME","spring","n",65,30,7.2978454565528,"PSME_spring_n"
"PSME","spring","n",65,30,0.0474957691968477,"PSME_spring_n"
"PSME","spring","n",65,10,18.7428115949724,"PSME_spring_n"
"PSME","spring","n",65,30,6.03419199212895,"PSME_spring_n"
"PSME","spring","n",65,10,-4.65750204189077,"PSME_spring_n"
"PSME","spring","n",65,10,-5.0665998894572,"PSME_spring_n"
"PSME","spring","n",65,5,5.51894015973952,"PSME_spring_n"
"PSME","spring","n",65,5,-1.68912697679911,"PSME_spring_n"
"PSME","spring","n",65,5,8.17540167043125,"PSME_spring_n"
"PSME","spring","n",65,2,33.4765981724473,"PSME_spring_n"
"PSME","spring","n",65,2,22.8267986866443,"PSME_spring_n"
"PSME","spring","n",65,2,24.8248048414058,"PSME_spring_n"
"PSME","spring","n",65,0,100,"PSME_spring_n"
"PSME","spring","o",65,70,4.69387861519254,"PSME_spring_o"
"PSME","spring","o",65,70,-16.4312654833941,"PSME_spring_o"
"PSME","spring","o",65,70,11.7373868682015,"PSME_spring_o"
"PSME","spring","o",65,50,22.5687481020745,"PSME_spring_o"
"PSME","spring","o",65,50,1.64860132956676,"PSME_spring_o"
"PSME","spring","o",65,50,31.5722146646743,"PSME_spring_o"
"PSME","spring","o",65,30,23.2003086214087,"PSME_spring_o"
"PSME","spring","o",65,30,-4.7111874109964,"PSME_spring_o"
"PSME","spring","o",65,10,10.437179032491,"PSME_spring_o"
"PSME","spring","o",65,30,5.01008401705477,"PSME_spring_o"
"PSME","spring","o",65,10,9.54874335446372,"PSME_spring_o"
"PSME","spring","o",65,10,-3.37425863749701,"PSME_spring_o"
"PSME","spring","o",65,5,15.6054123329834,"PSME_spring_o"
"PSME","spring","o",65,5,12.0457163870105,"PSME_spring_o"
"PSME","spring","o",65,5,6.85398522344585,"PSME_spring_o"
"PSME","spring","o",65,2,37.5058189316895,"PSME_spring_o"
"PSME","spring","o",65,2,30.0464461883858,"PSME_spring_o"
"PSME","spring","o",65,2,30.7391554834245,"PSME_spring_o"
"PSME","spring","o",65,0,100,"PSME_spring_o"
"PSME","autumn","n",65,2,59.9363410341637,"PSME_autumn_n"
"PSME","autumn","n",65,2,78.4547035923294,"PSME_autumn_n"
"PSME","autumn","n",65,2,47.4456722612894,"PSME_autumn_n"
"PSME","autumn","n",65,5,22.2551570972779,"PSME_autumn_n"
"PSME","autumn","n",65,5,31.6241185644607,"PSME_autumn_n"
"PSME","autumn","n",65,5,23.0969764457816,"PSME_autumn_n"
"PSME","autumn","n",65,10,8.65991169744273,"PSME_autumn_n"
"PSME","autumn","n",65,10,9.39118644559392,"PSME_autumn_n"
"PSME","autumn","n",65,10,13.8069675624847,"PSME_autumn_n"
"PSME","autumn","n",65,30,4.47979875293322,"PSME_autumn_n"
"PSME","autumn","n",65,30,-2.92625108101323,"PSME_autumn_n"
"PSME","autumn","n",65,30,-1.55354767192001,"PSME_autumn_n"
"PSME","autumn","n",65,50,7.69045914606087,"PSME_autumn_n"
"PSME","autumn","n",65,50,1.9332549216291,"PSME_autumn_n"
"PSME","autumn","n",65,50,4.21242922770926,"PSME_autumn_n"
"PSME","autumn","n",65,0,100,"PSME_autumn_n"
"PSME","autumn","o",65,2,85.7482439369529,"PSME_autumn_o"
"PSME","autumn","o",65,2,71.6444718467916,"PSME_autumn_o"
"PSME","autumn","o",65,2,72.9569793309284,"PSME_autumn_o"
"PSME","autumn","o",65,5,13.9635339636789,"PSME_autumn_o"
"PSME","autumn","o",65,5,28.6056710105588,"PSME_autumn_o"
"PSME","autumn","o",65,5,30.0707712292415,"PSME_autumn_o"
"PSME","autumn","o",65,10,-0.0100731222562479,"PSME_autumn_o"
"PSME","autumn","o",65,10,-6.02945092626928,"PSME_autumn_o"
"PSME","autumn","o",65,10,6.03952404852554,"PSME_autumn_o"
"PSME","autumn","o",65,30,18.7611509326867,"PSME_autumn_o"
"PSME","autumn","o",65,30,5.44067520551568,"PSME_autumn_o"
"PSME","autumn","o",65,30,9.20907063775472,"PSME_autumn_o"
"PSME","autumn","o",65,50,9.27470039830009,"PSME_autumn_o"
"PSME","autumn","o",65,50,-12.5730083314224,"PSME_autumn_o"
"PSME","autumn","o",65,50,5.01760600520637,"PSME_autumn_o"
"PSME","autumn","o",65,0,100,"PSME_autumn_o"
"PSME","autumn","n",60,5,89.1180502408083,"PSME_autumn_n"
"PSME","autumn","n",60,5,89.6333568619777,"PSME_autumn_n"
"PSME","autumn","n",60,5,90.4502105529781,"PSME_autumn_n"
"PSME","autumn","n",60,10,94.90829655289,"PSME_autumn_n"
"PSME","autumn","n",60,10,92.958462703974,"PSME_autumn_n"
"PSME","autumn","n",60,10,86.0226932103855,"PSME_autumn_n"
"PSME","autumn","n",60,20,84.9718875555785,"PSME_autumn_n"
"PSME","autumn","n",60,20,58.7832419630227,"PSME_autumn_n"
"PSME","autumn","n",60,20,73.0995738075284,"PSME_autumn_n"
"PSME","autumn","n",60,65,-9.20126847142608,"PSME_autumn_n"
"PSME","autumn","n",60,65,7.30770436941726,"PSME_autumn_n"
"PSME","autumn","n",60,65,1.89356410200883,"PSME_autumn_n"
"PSME","autumn","n",60,110,4.72073600056471,"PSME_autumn_n"
"PSME","autumn","n",60,110,16.2874020309161,"PSME_autumn_n"
"PSME","autumn","n",60,110,14.8616601758145,"PSME_autumn_n"
"PSME","autumn","n",60,0,100,"PSME_autumn_n"
"PSME","autumn","o",60,5,89.1606496219387,"PSME_autumn_o"
"PSME","autumn","o",60,5,96.1926738948909,"PSME_autumn_o"
"PSME","autumn","o",60,5,98.0197835217895,"PSME_autumn_o"
"PSME","autumn","o",60,10,101.830013447662,"PSME_autumn_o"
"PSME","autumn","o",60,10,92.259969074475,"PSME_autumn_o"
"PSME","autumn","o",60,10,98.2283026697471,"PSME_autumn_o"
"PSME","autumn","o",60,20,93.8735148839901,"PSME_autumn_o"
"PSME","autumn","o",60,20,52.5410877548575,"PSME_autumn_o"
"PSME","autumn","o",60,20,71.5588718800518,"PSME_autumn_o"
"PSME","autumn","o",60,65,19.6333719691288,"PSME_autumn_o"
"PSME","autumn","o",60,65,4.47210807128989,"PSME_autumn_o"
"PSME","autumn","o",60,65,24.9650658984913,"PSME_autumn_o"
"PSME","autumn","o",60,110,-6.64118330172767,"PSME_autumn_o"
"PSME","autumn","o",60,110,5.87944559343273,"PSME_autumn_o"
"PSME","autumn","o",60,110,0.761737708294951,"PSME_autumn_o"
"PSME","autumn","o",60,0,100,"PSME_autumn_o"
"PSME","autumn","n",55,160,22.3945303354075,"PSME_autumn_n"
"PSME","autumn","n",55,160,52.2693392470104,"PSME_autumn_n"
"PSME","autumn","n",55,160,55.272552298332,"PSME_autumn_n"
"PSME","autumn","n",55,50,95.294445078468,"PSME_autumn_n"
"PSME","autumn","n",55,50,87.6413409546649,"PSME_autumn_n"
"PSME","autumn","n",55,50,99.8576536190494,"PSME_autumn_n"
"PSME","autumn","n",55,25,99.6282958193789,"PSME_autumn_n"
"PSME","autumn","n",55,25,93.617762042277,"PSME_autumn_n"
"PSME","autumn","n",55,25,100.243638577506,"PSME_autumn_n"
"PSME","autumn","n",55,10,95.3952476432657,"PSME_autumn_n"
"PSME","autumn","n",55,10,96.9166889229339,"PSME_autumn_n"
"PSME","autumn","n",55,10,100.532399784184,"PSME_autumn_n"
"PSME","autumn","n",55,380,13.4959085915727,"PSME_autumn_n"
"PSME","autumn","n",55,380,-27.3847226212581,"PSME_autumn_n"
"PSME","autumn","n",55,380,13.8888140296854,"PSME_autumn_n"
"PSME","autumn","n",55,500,8.44206403893194,"PSME_autumn_n"
"PSME","autumn","n",55,500,19.6906640332827,"PSME_autumn_n"
"PSME","autumn","n",55,500,-12.6749064541434,"PSME_autumn_n"
"PSME","autumn","n",55,0,100,"PSME_autumn_n"
"PSME","autumn","o",55,160,73.5323770403547,"PSME_autumn_o"
"PSME","autumn","o",55,160,92.8474746629436,"PSME_autumn_o"
"PSME","autumn","o",55,160,93.0809347508069,"PSME_autumn_o"
"PSME","autumn","o",55,50,90.9218525153107,"PSME_autumn_o"
"PSME","autumn","o",55,50,95.6941482606541,"PSME_autumn_o"
"PSME","autumn","o",55,50,102.085814738209,"PSME_autumn_o"
"PSME","autumn","o",55,25,103.247247394834,"PSME_autumn_o"
"PSME","autumn","o",55,25,92.3794427467362,"PSME_autumn_o"
"PSME","autumn","o",55,25,100.199297066715,"PSME_autumn_o"
"PSME","autumn","o",55,10,95.7753722952697,"PSME_autumn_o"
"PSME","autumn","o",55,10,100.845053791377,"PSME_autumn_o"
"PSME","autumn","o",55,10,98.320395411528,"PSME_autumn_o"
"PSME","autumn","o",55,380,-22.5884456413077,"PSME_autumn_o"
"PSME","autumn","o",55,380,-10.7437231482723,"PSME_autumn_o"
"PSME","autumn","o",55,380,33.3321687895801,"PSME_autumn_o"
"PSME","autumn","o",55,500,10.6767939492496,"PSME_autumn_o"
"PSME","autumn","o",55,500,41.8423679721975,"PSME_autumn_o"
"PSME","autumn","o",55,500,0.735365354057907,"PSME_autumn_o"
"PSME","autumn","o",55,0,100,"PSME_autumn_o"
"PSME","autumn","n",50,1375,4.77123149779273,"PSME_autumn_n"
"PSME","autumn","n",50,1375,-6.89024466437594,"PSME_autumn_n"
"PSME","autumn","n",50,1375,27.7865127321096,"PSME_autumn_n"
"PSME","autumn","n",50,500,87.77366468289,"PSME_autumn_n"
"PSME","autumn","n",50,500,92.6199845606212,"PSME_autumn_n"
"PSME","autumn","n",50,500,91.9901686495805,"PSME_autumn_n"
"PSME","autumn","n",50,250,94.1011798794948,"PSME_autumn_n"
"PSME","autumn","n",50,250,94.3766733936383,"PSME_autumn_n"
"PSME","autumn","n",50,250,95.4191701157686,"PSME_autumn_n"
"PSME","autumn","n",50,250,97.6595671648815,"PSME_autumn_n"
"PSME","autumn","n",50,100,97.5445688085061,"PSME_autumn_n"
"PSME","autumn","n",50,100,94.2448495370575,"PSME_autumn_n"
"PSME","autumn","n",50,750,80.2775726954912,"PSME_autumn_n"
"PSME","autumn","n",50,750,75.9919714113087,"PSME_autumn_n"
"PSME","autumn","n",50,750,46.0775627574351,"PSME_autumn_n"
"PSME","autumn","n",50,2250,-8.78738723157503,"PSME_autumn_n"
"PSME","autumn","n",50,2250,17.2133347233377,"PSME_autumn_n"
"PSME","autumn","n",50,2250,-8.42594749176271,"PSME_autumn_n"
"PSME","autumn","n",50,0,100,"PSME_autumn_n"
"PSME","autumn","o",50,1375,64.3902046088394,"PSME_autumn_o"
"PSME","autumn","o",50,1375,18.2982943864619,"PSME_autumn_o"
"PSME","autumn","o",50,1375,27.8142726663554,"PSME_autumn_o"
"PSME","autumn","o",50,500,101.898665771308,"PSME_autumn_o"
"PSME","autumn","o",50,500,90.9239442189231,"PSME_autumn_o"
"PSME","autumn","o",50,500,90.9338919372646,"PSME_autumn_o"
"PSME","autumn","o",50,250,99.8863326982713,"PSME_autumn_o"
"PSME","autumn","o",50,250,94.8970330826317,"PSME_autumn_o"
"PSME","autumn","o",50,250,97.0325523864869,"PSME_autumn_o"
"PSME","autumn","o",50,250,99.4205818602512,"PSME_autumn_o"
"PSME","autumn","o",50,100,94.6105896625997,"PSME_autumn_o"
"PSME","autumn","o",50,100,94.7891404694414,"PSME_autumn_o"
"PSME","autumn","o",50,750,88.9194129567005,"PSME_autumn_o"
"PSME","autumn","o",50,750,96.3336932004124,"PSME_autumn_o"
"PSME","autumn","o",50,750,77.7118516854668,"PSME_autumn_o"
"PSME","autumn","o",50,2250,2.89161847179932,"PSME_autumn_o"
"PSME","autumn","o",50,2250,7.74332909903901,"PSME_autumn_o"
"PSME","autumn","o",50,2250,-10.6349475708383,"PSME_autumn_o"
"PSME","autumn","o",50,0,100,"PSME_autumn_o"
"PSME","autumn","n",45,10200,18.4230283668359,"PSME_autumn_n"
"PSME","autumn","n",45,10200,-11.0723061893178,"PSME_autumn_n"
"PSME","autumn","n",45,10200,-7.35072217751808,"PSME_autumn_n"
"PSME","autumn","n",45,500,96.7127120835673,"PSME_autumn_n"
"PSME","autumn","n",45,500,97.4973839873495,"PSME_autumn_n"
"PSME","autumn","n",45,500,105.789903929083,"PSME_autumn_n"
"PSME","autumn","n",45,4750,71.9053643914844,"PSME_autumn_n"
"PSME","autumn","n",45,4750,33.5046383834885,"PSME_autumn_n"
"PSME","autumn","n",45,4750,18.0390292888191,"PSME_autumn_n"
"PSME","autumn","n",45,6000,47.2737505697508,"PSME_autumn_n"
"PSME","autumn","n",45,6000,12.7458626924979,"PSME_autumn_n"
"PSME","autumn","n",45,6000,10.0573383640605,"PSME_autumn_n"
"PSME","autumn","n",45,3500,70.0759250981762,"PSME_autumn_n"
"PSME","autumn","n",45,3500,84.5381512701092,"PSME_autumn_n"
"PSME","autumn","n",45,3500,95.500809044778,"PSME_autumn_n"
"PSME","autumn","n",45,1000,100.567912386074,"PSME_autumn_n"
"PSME","autumn","n",45,1000,101.917239687569,"PSME_autumn_n"
"PSME","autumn","n",45,1000,96.8511471614603,"PSME_autumn_n"
"PSME","autumn","n",45,2250,94.6453841649328,"PSME_autumn_n"
"PSME","autumn","n",45,2250,89.4561873758684,"PSME_autumn_n"
"PSME","autumn","n",45,2250,97.7416470974326,"PSME_autumn_n"
"PSME","autumn","n",45,0,97.8721088132965,"PSME_autumn_n"
"PSME","autumn","o",45,10200,-11.4652637209447,"PSME_autumn_o"
"PSME","autumn","o",45,10200,13.3725540025658,"PSME_autumn_o"
"PSME","autumn","o",45,10200,-1.90729028162117,"PSME_autumn_o"
"PSME","autumn","o",45,500,95.3287518626741,"PSME_autumn_o"
"PSME","autumn","o",45,500,99.4650748239197,"PSME_autumn_o"
"PSME","autumn","o",45,500,102.637779628502,"PSME_autumn_o"
"PSME","autumn","o",45,4750,-0.345061163919919,"PSME_autumn_o"
"PSME","autumn","o",45,4750,50.117429613602,"PSME_autumn_o"
"PSME","autumn","o",45,4750,39.5621415966089,"PSME_autumn_o"
"PSME","autumn","o",45,6000,23.5152156107345,"PSME_autumn_o"
"PSME","autumn","o",45,6000,-16.4684239667393,"PSME_autumn_o"
"PSME","autumn","o",45,6000,28.0274403959156,"PSME_autumn_o"
"PSME","autumn","o",45,3500,88.8303103723662,"PSME_autumn_o"
"PSME","autumn","o",45,3500,97.0090982776711,"PSME_autumn_o"
"PSME","autumn","o",45,3500,75.6989722456442,"PSME_autumn_o"
"PSME","autumn","o",45,1000,97.8518504317996,"PSME_autumn_o"
"PSME","autumn","o",45,1000,99.7765981107885,"PSME_autumn_o"
"PSME","autumn","o",45,1000,98.4509021456151,"PSME_autumn_o"
"PSME","autumn","o",45,2250,99.8123418685456,"PSME_autumn_o"
"PSME","autumn","o",45,2250,95.0450973741221,"PSME_autumn_o"
"PSME","autumn","o",45,2250,105.142560757332,"PSME_autumn_o"
"PSME","autumn","o",45,0,99.2047029065951,"PSME_autumn_o"
